{"cameraMode":{"drawMode":0,"name":"Shaded","section":"Shading Mode"},"sceneLighting":true,"audioPlay":false,"sceneViewState":{"m_AlwaysRefresh":false,"showFog":true,"showSkybox":false,"showFlares":true,"showImageEffects":true,"showParticleSystems":true,"showVisualEffectGraphs":true,"m_FxEnabled":true},"in2DMode":false,"pivot":{"x":1.1654335260391236,"y":0.6539445519447327,"z":-0.15708637237548829},"rotation":{"x":-0.02044748142361641,"y":0.9684169888496399,"z":-0.0847681388258934,"w":-0.23360221087932588},"size":1.5346276760101319,"orthographic":false}