{"cameraMode":{"drawMode":0,"name":"Shaded","section":"Shading Mode"},"sceneLighting":true,"audioPlay":false,"sceneViewState":{"m_AlwaysRefresh":false,"showFog":true,"showSkybox":true,"showFlares":true,"showImageEffects":true,"showParticleSystems":true,"showVisualEffectGraphs":true,"m_FxEnabled":true},"in2DMode":false,"pivot":{"x":-0.055610232055187228,"y":1.4129689931869507,"z":-0.4320927858352661},"rotation":{"x":-0.0031362278386950495,"y":0.9919087886810303,"z":-0.12444707006216049,"w":-0.025000253692269326},"size":0.8022767901420593,"orthographic":false}