{"cameraMode":{"drawMode":0,"name":"Shaded","section":"Shading Mode"},"sceneLighting":false,"audioPlay":false,"sceneViewState":{"m_AlwaysRefresh":false,"showFog":true,"showSkybox":false,"showFlares":true,"showImageEffects":true,"showParticleSystems":true,"showVisualEffectGraphs":true,"m_FxEnabled":true},"in2DMode":false,"pivot":{"x":-0.0003263205289840698,"y":5.109853744506836,"z":-0.00011115148663520813},"rotation":{"x":-0.0031362278386950495,"y":0.9919087886810303,"z":-0.12444707006216049,"w":-0.025000253692269326},"size":0.12282945960760117,"orthographic":false}