{"cameraMode":{"drawMode":0,"name":"Shaded","section":"Shading Mode"},"sceneLighting":false,"audioPlay":false,"sceneViewState":{"m_AlwaysRefresh":false,"showFog":true,"showSkybox":false,"showFlares":true,"showImageEffects":true,"showParticleSystems":true,"showVisualEffectGraphs":true,"m_FxEnabled":true},"in2DMode":false,"pivot":{"x":0.01625828444957733,"y":-0.09222102165222168,"z":0.0632055401802063},"rotation":{"x":-0.03952569141983986,"y":0.9580351710319519,"z":-0.1627870798110962,"w":-0.23261913657188416},"size":0.5660253763198853,"orthographic":false}