{"cameraMode":{"drawMode":0,"name":"Shaded","section":"Shading Mode"},"sceneLighting":false,"audioPlay":false,"sceneViewState":{"m_AlwaysRefresh":false,"showFog":true,"showSkybox":false,"showFlares":true,"showImageEffects":true,"showParticleSystems":true,"showVisualEffectGraphs":true,"m_FxEnabled":true},"in2DMode":false,"pivot":{"x":0.00012402981519699097,"y":-0.043089620769023898,"z":-0.3522733449935913},"rotation":{"x":-0.0031362278386950495,"y":0.9919087886810303,"z":-0.12444707006216049,"w":-0.025000253692269326},"size":0.4330126941204071,"orthographic":false}